time,latitude,longitude,depth,mag,magType,nst,gap,dmin,rms,net,id,updated,place,type,horizontalError,depthError,magError,magNst,status,locationSource,magSource
2020-12-26T18:23:21.550Z,-9.0928,117.1835,63.84,4.1,mb,,71,3.059,0.62,us,us6000d65e,2021-03-06T23:19:12.040Z,"71 km SSW of Sumbawa Besar, Indonesia",earthquake,7.1,8.5,0.165,13,reviewed,us,us
2020-12-24T22:09:10.232Z,-9.0282,117.3729,104.1,4.4,mb,,95,3.231,0.54,us,us6000d2qg,2021-03-06T23:18:33.040Z,"59 km S of Sumbawa Besar, Indonesia",earthquake,7.6,8.3,0.134,16,reviewed,us,us
2020-12-18T07:58:36.054Z,-10.2395,117.2994,45.62,4.3,mb,,92,3.568,0.69,us,us6000d1wu,2021-02-27T23:23:39.040Z,"193 km S of Sumbawa Besar, Indonesia",earthquake,8.3,10.9,0.201,7,reviewed,us,us
2020-12-04T11:29:52.676Z,-9.5653,116.3122,65.19,4.1,mb,,95,2.395,0.96,us,us7000d02n,2021-02-12T22:41:59.040Z,"Lombok region, Indonesia",earthquake,10.4,6.9,0.198,7,reviewed,us,us
2020-09-25T20:24:20.664Z,-10.5281,117.547,14.71,4.7,mb,,46,3.923,1.07,us,us6000c1ds,2020-12-05T21:02:58.040Z,"225 km S of Sumbawa Besar, Indonesia",earthquake,7,4.1,0.072,66,reviewed,us,us
2020-09-12T00:58:12.208Z,-9.3089,117.7374,71.14,4.3,mb,,50,3.639,1.06,us,us7000bm85,2020-11-21T20:10:37.040Z,"96 km SSE of Sumbawa Besar, Indonesia",earthquake,4.5,7.7,0.099,29,reviewed,us,us
2020-08-15T07:12:11.735Z,-9.3551,114.0643,54.48,5,mww,,43,0.883,0.91,us,us6000bf3i,2020-10-24T20:08:52.040Z,"106 km SSW of Muncar, Indonesia",earthquake,6.4,5.8,0.098,10,reviewed,us,us
2020-07-31T00:37:08.242Z,-9.2107,115.1245,71.82,4.2,mb,,99,1.21,0.34,us,us6000b78f,2022-08-08T23:47:59.992Z,"south of Bali, Indonesia",earthquake,6.1,8.3,0.199,7,reviewed,us,us
2020-07-24T12:38:53.931Z,-10.4048,116.0904,10,4.6,mb,,109,2.711,0.76,us,us6000b66x,2020-10-03T17:32:31.040Z,"185 km S of Lembar, Indonesia",earthquake,9,1.9,0.095,33,reviewed,us,us
2020-06-17T18:09:44.736Z,-9.4008,114.12,63.24,4.4,mb,,121,0.925,0.8,us,us6000admw,2020-08-30T00:00:42.040Z,"109 km SSW of Muncar, Indonesia",earthquake,8.6,6.8,0.102,28,reviewed,us,us
2020-06-16T17:54:45.179Z,-9.5847,116.5908,67.32,4,mb,,93,2.651,0.9,us,us6000ah7f,2020-08-22T19:15:05.040Z,"103 km SSE of Praya, Indonesia",earthquake,7.3,9.6,0.173,11,reviewed,us,us
2020-05-11T11:39:00.428Z,-9.4698,114.4352,38.63,4.2,mb,,106,1.031,0.6,us,us70009jqa,2020-07-29T22:14:32.040Z,"109 km SW of Jimbaran, Indonesia",earthquake,4.1,10.2,0.167,10,reviewed,us,us
2020-04-02T03:34:47.277Z,-9.4385,114.6801,50.18,4.3,mb,,71,1.094,0.96,us,us70008rhp,2020-06-21T00:54:37.040Z,"88 km SW of Jimbaran, Indonesia",earthquake,8,8.1,0.129,17,reviewed,us,us
2020-03-28T09:44:59.739Z,-10.9835,115.2504,10,4.6,mb,,62,2.722,0.87,us,us70008hs0,2020-06-13T18:44:37.040Z,"241 km S of Nusa Dua, Indonesia",earthquake,5.2,1.9,0.091,36,reviewed,us,us
2020-03-27T21:53:56.021Z,-10.9995,115.2578,10,4.5,mb,,117,2.739,1.01,us,us70008hkb,2020-06-13T18:44:37.040Z,"243 km S of Nusa Dua, Indonesia",earthquake,5.2,1.9,0.093,34,reviewed,us,us
2020-03-18T22:51:41.919Z,-10.8943,115.1472,10,4.4,mb,,119,2.6,0.82,us,us70008gz1,2020-06-06T20:53:51.040Z,"231 km S of Nusa Dua, Indonesia",earthquake,9.8,1.9,0.135,16,reviewed,us,us
2020-02-27T21:28:07.612Z,-10.4912,116.4622,10,4.9,mb,,99,3.037,0.72,us,us600089kg,2020-05-19T22:14:29.040Z,"198 km S of Praya, Indonesia",earthquake,7.1,1.8,0.069,65,reviewed,us,us
2020-02-18T13:13:06.954Z,-10.6893,116.0795,10,4.3,mb,,102,2.911,0.74,us,us70007vxi,2020-05-02T22:10:36.040Z,"217 km S of Lembar, Indonesia",earthquake,3.7,1.9,0.148,14,reviewed,us,us
2020-02-06T21:06:31.559Z,-9.6665,117.6614,35,4.9,mb,,53,3.664,1.36,us,us70007k7i,2020-04-25T22:18:15.040Z,"132 km SSE of Sumbawa Besar, Indonesia",earthquake,7.8,1.7,0.063,79,reviewed,us,us
2020-02-03T21:16:47.549Z,-9.3678,114.0841,60.72,4.6,mb,,111,0.894,0.59,us,us70007nv2,2020-04-18T22:10:34.040Z,"106 km SSW of Muncar, Indonesia",earthquake,8.2,7.9,0.096,32,reviewed,us,us
2020-01-24T00:50:43.530Z,-9.8774,116.9285,35,4.9,mb,,59,3.077,0.87,us,us60007ebf,2020-04-11T18:20:42.040Z,"148 km SSE of Praya, Indonesia",earthquake,3.8,1.9,0.084,45,reviewed,us,us
2020-01-16T00:20:01.888Z,-10.082,115.6104,35,4,mb,,127,2.153,1.26,us,us60007j6d,2020-04-08T19:40:00.040Z,"147 km SSE of Nusa Dua, Indonesia",earthquake,11.5,2,0.196,7,reviewed,us,us
2019-12-09T14:18:29.021Z,-9.8194,116.4263,54.44,4,mb,,154,2.615,0.81,us,us60006t89,2020-02-29T19:52:53.040Z,"124 km S of Praya, Indonesia",earthquake,9.3,11.2,0.173,9,reviewed,us,us
2019-10-10T11:33:58.980Z,-9.8262,117.9222,47.85,4.1,mb,,91,3.959,0.56,us,us70005vgi,2019-12-28T20:46:19.040Z,"154 km SSW of Dompu, Indonesia",earthquake,9.6,14.6,0.212,6,reviewed,us,us
2019-09-30T14:06:53.242Z,-10.2021,116.0185,35.46,4.3,mb,,96,2.52,0.79,us,us70005slb,2019-12-20T19:04:39.040Z,"163 km S of Lembar, Indonesia",earthquake,4.7,7.8,0.154,12,reviewed,us,us
2019-08-13T13:40:09.938Z,-9.7401,114.0321,43.64,4.9,mb,,98,1.267,0.75,us,us600054hk,2019-11-02T15:26:04.040Z,"148 km SSW of Muncar, Indonesia",earthquake,3.5,7.8,0.109,26,reviewed,us,us
2019-08-12T07:43:19.887Z,-9.6019,114.1901,51.16,4.4,mb,,96,1.125,1.36,us,us6000570h,2019-10-29T20:34:03.040Z,"130 km S of Muncar, Indonesia",earthquake,8.2,8.4,0.143,14,reviewed,us,us
2019-07-24T13:17:19.240Z,-10.6813,114.9655,10,5.2,mww,,59,2.339,0.86,us,us60004urc,2019-10-11T20:12:25.040Z,"210 km S of Nusa Dua, Indonesia",earthquake,8.2,1.9,0.075,17,reviewed,us,us
2019-07-19T12:33:17.757Z,-9.2465,116.2031,123.99,4.2,mb,,95,2.168,0.63,us,us60004vxn,2019-10-04T16:37:20.040Z,"59 km SSE of Lembar, Indonesia",earthquake,7.9,9.5,0.127,17,reviewed,us,us
2019-07-12T19:15:31.992Z,-9.0081,117.8778,40.85,4.4,mb,,60,3.721,1.05,us,us70004qiz,2019-09-28T20:01:30.040Z,"76 km SE of Sumbawa Besar, Indonesia",earthquake,7.1,6.2,0.148,16,reviewed,us,us
2019-07-03T22:12:54.977Z,-9.646,114.1005,47.07,4.2,mb,,121,1.169,0.65,us,us70004iyg,2019-09-26T14:31:04.040Z,"136 km S of Muncar, Indonesia",earthquake,7.8,8.5,0.167,10,reviewed,us,us
2019-06-27T05:05:23.549Z,-9.4158,117.3257,90.93,4.4,mb,,111,3.273,0.52,us,us700045rj,2019-09-14T16:08:12.040Z,"102 km S of Sumbawa Besar, Indonesia",earthquake,3.3,8.2,0.12,20,reviewed,us,us
2019-05-22T07:09:27.887Z,-9.5032,114.0125,56.88,4.1,mb,,152,1.035,0.52,us,us70003t8w,2019-08-13T14:30:48.040Z,"123 km SSW of Muncar, Indonesia",earthquake,7.9,7.4,0.174,10,reviewed,us,us
2019-04-28T23:42:56.637Z,-9.3506,116.0563,81.05,4.2,mb,,76,2.074,1.23,us,us70003dn7,2019-07-13T18:42:50.040Z,"69 km S of Lembar, Indonesia",earthquake,7.7,9.6,0.176,9,reviewed,us,us
2019-04-22T06:49:51.502Z,-9.1528,117.4461,100.58,4.7,mb,,45,3.325,1.35,us,us70003a54,2019-06-26T20:55:11.040Z,"73 km S of Sumbawa Besar, Indonesia",earthquake,6.5,4.7,0.077,51,reviewed,us,us
2019-01-02T14:26:01.950Z,-9.445,117.9736,10,4.9,mww,,46,3.897,1.15,us,us2000izub,2019-03-08T17:50:14.040Z,"114 km SSW of Dompu, Indonesia",earthquake,7.3,1.8,0.071,19,reviewed,us,us
2018-12-10T09:53:57.680Z,-9.0262,117.7632,110.96,4.8,mb,,53,3.612,1.39,us,us1000i5jz,2019-02-16T22:29:02.040Z,"69 km SSE of Sumbawa Besar, Indonesia",earthquake,2.9,8.2,0.099,32,reviewed,us,us
2018-11-14T17:23:31.720Z,-9.0392,115.4621,68.09,5,mb,,48,1.413,1.01,us,us1000hrpc,2019-01-30T18:36:24.040Z,"36 km SE of Nusa Dua, Indonesia",earthquake,6.2,4.9,0.069,68,reviewed,us,us
2018-10-31T18:22:56.110Z,-9.1501,117.2784,80.8,4.3,mb,,94,3.162,1.05,us,us2000i4t0,2019-01-21T14:29:41.040Z,"74 km SSW of Sumbawa Besar, Indonesia",earthquake,7.7,8.1,0.104,26,reviewed,us,us
2018-10-27T09:06:30.260Z,-9.0242,115.9416,76.72,4.5,mb,,46,1.852,0.66,us,us1000hhxp,2019-01-10T17:18:39.040Z,"36 km SSW of Lembar, Indonesia",earthquake,6.6,7.7,0.106,26,reviewed,us,us
2018-10-23T23:16:31.030Z,-10.4691,116.8856,10,4.4,mb,,100,3.349,1.28,us,us1000hgc5,2019-01-10T17:18:34.040Z,"206 km SSE of Praya, Indonesia",earthquake,4.5,1.9,0.117,21,reviewed,us,us
2018-10-23T21:35:14.470Z,-10.4668,116.953,10,4.4,mb,,95,3.401,1.2,us,us1000hgai,2019-01-10T17:18:34.040Z,"208 km SSE of Praya, Indonesia",earthquake,6.5,1.9,0.103,27,reviewed,us,us
2018-08-31T02:21:54.910Z,-9.0292,115.872,62.48,4.1,mb,,116,1.788,0.33,us,us2000haea,2018-11-07T18:37:12.040Z,"40 km SSW of Lembar, Indonesia",earthquake,10.8,15.3,0.165,10,reviewed,us,us
2018-08-22T22:48:42.610Z,-9.0829,114.8224,70.95,5.1,mb,,40,0.899,1.12,us,us1000gfrs,2018-11-01T17:50:55.040Z,"49 km SW of Jimbaran, Indonesia",earthquake,6.6,3.7,0.062,85,reviewed,us,us
2018-08-21T04:08:05.050Z,-9.109,116.5957,10,4.4,mb,,154,2.497,0.43,us,us2000h5gc,2018-11-01T17:51:03.040Z,"57 km SE of Praya, Indonesia",earthquake,7.5,1.9,0.161,11,reviewed,us,us
2018-07-24T14:50:40.810Z,-10.3889,116.4874,30.12,4.9,mww,,61,2.99,0.92,us,us2000gcpp,2018-10-09T16:43:31.040Z,"187 km S of Praya, Indonesia",earthquake,7.5,5.3,0.11,8,reviewed,us,us
2018-07-15T23:48:52.010Z,-9.0101,115.4768,79.79,4.7,mb,,97,1.415,0.75,us,us2000g5ts,2018-10-02T16:40:43.040Z,"35 km SE of Nusa Dua, Indonesia",earthquake,6.9,12.9,0.129,18,reviewed,us,us
2018-07-03T01:19:00.570Z,-9.743,115.1596,55.29,4.4,mb,,81,1.609,0.94,us,us2000fvau,2018-09-27T14:03:38.040Z,"104 km S of Nusa Dua, Indonesia",earthquake,8.2,7.8,0.117,21,reviewed,us,us
2018-05-16T22:48:48.590Z,-10.7228,115.0479,10,4.7,mb,,55,2.406,0.7,us,us1000e6v7,2018-08-15T19:46:54.040Z,"213 km S of Nusa Dua, Indonesia",earthquake,3.9,1.9,0.068,66,reviewed,us,us
2018-04-07T09:56:42.780Z,-10.709,117.287,10,4.8,mb,,91,3.808,0.59,us,us2000dvz9,2018-06-30T01:11:32.040Z,"245 km S of Sumbawa Besar, Indonesia",earthquake,3.3,1.9,0.076,54,reviewed,us,us
2018-02-21T01:44:42.420Z,-10.4676,115.5512,35,4.7,mb,,83,2.417,1.19,us,us2000d5p0,2018-05-22T02:00:20.040Z,"187 km S of Nusa Dua, Indonesia",earthquake,7.6,2,0.088,39,reviewed,us,us
2018-02-17T00:28:26.520Z,-9.4743,117.6073,66.82,4.7,mb,,53,3.556,0.98,us,us2000d3lw,2018-05-15T06:29:11.040Z,"110 km S of Sumbawa Besar, Indonesia",earthquake,7.1,7.1,0.073,57,reviewed,us,us
2017-11-06T18:20:24.020Z,-9.1298,117.0188,108.96,4.1,mb,,83,2.908,1.09,us,us2000bpmx,2018-01-31T03:04:41.040Z,"79 km SSE of Labuan Lombok, Indonesia",earthquake,7.5,8.5,0.135,15,reviewed,us,us
2017-10-18T00:22:15.400Z,-9.7601,114.2041,48.19,4.4,mb,,115,1.282,0.77,us,us1000atjy,2018-01-11T02:22:05.040Z,"147 km S of Muncar, Indonesia",earthquake,9,6.8,0.123,19,reviewed,us,us
2017-10-12T16:56:17.180Z,-9.7569,114.234,48.1,4.6,mb,,65,1.281,1.3,us,us1000aqt8,2018-01-09T02:14:57.040Z,"146 km S of Muncar, Indonesia",earthquake,5.6,6.7,0.082,44,reviewed,us,us
2017-09-28T08:12:59.680Z,-10.7449,117.2263,10,4.7,mb,,97,3.781,1.08,us,us2000avte,2017-12-22T21:56:26.040Z,"248 km SSE of Praya, Indonesia",earthquake,6,1.9,0.133,17,reviewed,us,us
2017-09-25T22:59:44.190Z,-10.6682,115.85,39.69,4.3,mb,,110,2.752,1.11,us,us2000b0hj,2017-12-22T21:56:22.040Z,"216 km S of Lembar, Indonesia",earthquake,7.5,7.5,0.129,17,reviewed,us,us
2017-09-23T23:54:06.300Z,-9.5364,114.2983,62.22,4.1,mb,,67,1.069,0.32,us,us2000augy,2017-12-19T01:54:15.040Z,"122 km S of Muncar, Indonesia",earthquake,7.1,9.9,0.185,8,reviewed,us,us
2017-08-12T10:17:21.940Z,-9.3793,116.8291,59.36,4.1,mb,,105,2.795,1.49,us,us2000a8tl,2017-10-25T00:38:09.040Z,"96 km SE of Praya, Indonesia",earthquake,9.4,4.5,0.145,13,reviewed,us,us
2017-07-30T13:22:49.480Z,-10.0948,114.9189,52.05,4,mb,,167,1.782,0.41,us,us2000a44v,2017-10-18T01:54:09.040Z,"146 km S of Jimbaran, Indonesia",earthquake,7.9,10.5,0.163,10,reviewed,us,us
2017-06-10T18:50:47.730Z,-9.525,117.5285,72.2,4.1,mb,,103,3.496,0.91,us,us20009my6,2017-08-16T02:42:23.040Z,"114 km S of Sumbawa Besar, Indonesia",earthquake,8.2,9.8,0.135,15,reviewed,us,us
2017-04-30T14:33:48.280Z,-9.8291,114.907,35,4.4,mb,,65,1.542,0.91,us,us10008m7x,2017-07-29T03:16:08.040Z,"118 km SSW of Jimbaran, Indonesia",earthquake,7,2,0.115,22,reviewed,us,us
2017-04-08T11:08:03.910Z,-9.3571,114.4122,83.9,4.3,mb,,94,0.917,1.13,us,us10008h9a,2017-06-23T07:26:36.040Z,"102 km S of Muncar, Indonesia",earthquake,7.1,7.1,0.148,13,reviewed,us,us
2017-04-07T18:25:31.010Z,-9.1344,115.5351,95.69,4.3,mb,,46,1.517,1.14,us,us10008h7i,2017-06-23T07:26:35.040Z,"49 km SE of Nusa Dua, Indonesia",earthquake,7.3,5.8,0.122,19,reviewed,us,us
2017-03-18T01:15:35.260Z,-10.7723,115.1546,10,4.5,mb,,117,2.492,1.11,us,us20008sx7,2017-06-07T00:33:43.040Z,"218 km S of Nusa Dua, Indonesia",earthquake,8.1,1.9,0.102,28,reviewed,us,us
2017-02-19T16:20:33.070Z,-10.6527,115.8822,41.07,4.7,mb,,109,2.759,0.86,us,us100085rm,2017-05-17T01:19:32.040Z,"214 km S of Lembar, Indonesia",earthquake,8.3,6.8,0.079,49,reviewed,us,us
2017-02-19T11:35:38.650Z,-9.1225,116.603,38.16,4.1,mb,,46,2.507,1.21,us,us100085rd,2017-05-17T01:19:32.040Z,"58 km SE of Praya, Indonesia",earthquake,9.1,9.1,0.14,14,reviewed,us,us
2017-02-12T04:25:11.430Z,-9.3531,115.7353,60.51,4.6,mb,,46,1.793,1.03,us,us20008j9y,2017-05-13T01:03:17.040Z,"78 km SSW of Lembar, Indonesia",earthquake,6.8,3.2,0.077,50,reviewed,us,us
2016-12-02T09:11:41.260Z,-9.6358,117.4646,81.64,4.9,mb,,88,3.47,1.12,us,us10007e8e,2017-03-03T07:05:58.040Z,"126 km S of Sumbawa Besar, Indonesia",earthquake,7.7,7.1,0.069,65,reviewed,us,us
2016-11-20T00:18:53.450Z,-9.8443,114.1404,43.96,4,mb,,118,1.365,0.81,us,us10007dn7,2017-02-15T23:21:29.040Z,"157 km S of Muncar, Indonesia",earthquake,6.4,10.3,0.183,8,reviewed,us,us
2016-11-19T18:11:11.290Z,-9.5946,117.8011,63.83,4.4,mb,,88,3.773,1.3,us,us10007alf,2017-02-15T23:21:28.040Z,"128 km SSE of Sumbawa Besar, Indonesia",earthquake,3.6,8.1,0.099,32,reviewed,us,us
2016-11-01T20:53:40.200Z,-9.5747,116.2433,89.25,4.1,mb,,86,2.339,1.09,us,us1000763d,2017-01-24T02:02:14.040Z,"95 km S of Lembar, Indonesia",earthquake,7.7,10.1,0.157,12,reviewed,us,us
2016-10-31T12:10:00.470Z,-9.6057,114.0345,46.42,4.1,mb,,99,1.134,0.74,us,us1000745s,2017-01-24T02:02:12.040Z,"133 km SSW of Muncar, Indonesia",earthquake,7.3,8.4,0.12,19,reviewed,us,us
2016-06-09T02:40:31.870Z,-9.1475,115.8457,92.4,4.2,mb,,78,1.804,0.75,us,us200062z8,2016-08-18T00:36:36.040Z,"52 km SSW of Lembar, Indonesia",earthquake,7.5,7,0.121,19,reviewed,us,us
2016-06-02T18:02:25.430Z,-9.1655,117.9669,107.03,4.4,mb,,60,3.833,1.33,us,us2000603p,2016-08-10T22:30:33.040Z,"88 km SW of Dompu, Indonesia",earthquake,6.8,6.6,0.08,45,reviewed,us,us
2016-04-27T09:13:48.380Z,-9.5262,115.5471,57.42,4.2,mb,,126,1.732,0.68,us,us10005e2n,2016-07-08T02:49:25.040Z,"87 km SSE of Nusa Dua, Indonesia",earthquake,13.4,8.7,0.136,15,reviewed,us,us
2016-01-25T11:03:21.610Z,-10.3125,117.4481,56.53,4.2,mb,,93,3.732,0.6,us,us20004vjv,2016-04-08T23:06:14.040Z,"201 km S of Sumbawa Besar, Indonesia",earthquake,7.9,6,0.159,11,reviewed,us,us
2016-01-08T22:21:31.420Z,-9.4425,117.6913,74.5,5.4,mb,,45,3.627,1.45,us,us10004cg7,2022-08-02T04:09:39.205Z,"109 km SSE of Sumbawa Besar, Indonesia",earthquake,5.9,4.3,0.053,123,reviewed,us,us
2015-12-29T17:38:22.260Z,-10.033,114.2023,33.42,4.7,mb,,67,1.553,1.08,us,us10004a9b,2016-03-18T01:13:06.040Z,"173 km SW of Jimbaran, Indonesia",earthquake,6.2,5.1,0.088,39,reviewed,us,us
2015-11-28T16:44:01.900Z,-9.3754,115.0527,66.56,4.2,mb,,46,1.265,0.99,us,us100042qd,2016-02-25T22:32:59.040Z,"65 km S of Jimbaran, Indonesia",earthquake,9.6,8.2,0.136,15,reviewed,us,us
2015-09-16T21:52:46.530Z,-9.2709,116.2024,57.38,4.1,mb,,77,2.176,1.11,us,us10003it4,2015-12-12T00:42:57.040Z,"61 km SSE of Lembar, Indonesia",earthquake,8.4,8,0.145,13,reviewed,us,us
2015-08-29T20:02:26.650Z,-10.8411,116.3414,34.44,5.1,mb,,46,3.195,1.14,us,us1000360t,2022-08-07T08:12:20.960Z,"235 km S of Lembar, Indonesia",earthquake,6.7,3.7,0.06,92,reviewed,us,us
2015-08-20T01:01:42.840Z,-9.526,117.9393,76.22,4.1,mb,,95,3.885,0.73,us,us20003gdm,2015-11-24T02:09:24.040Z,"123 km SSW of Dompu, Indonesia",earthquake,5.9,9.8,0.165,10,reviewed,us,us
2015-08-10T23:53:22.610Z,-9.5948,117.7305,72.4,4.6,mb,,89,3.707,1.06,us,us100035b4,2015-11-06T18:06:30.040Z,"126 km SSE of Sumbawa Besar, Indonesia",earthquake,6.9,10.5,0.192,8,reviewed,us,us
2015-08-06T05:05:49.930Z,-9.7758,115.9399,35.19,5.3,mb,,29,2.19,0.93,us,us10002z14,2015-11-06T18:06:19.040Z,"117 km S of Lembar, Indonesia",earthquake,5.3,4.3,0.058,100,reviewed,us,us
2015-08-04T19:17:14.350Z,-9.5625,116.1549,46.49,4.2,mb,,100,2.256,0.8,us,us100033zq,2015-10-30T02:47:48.040Z,"92 km S of Lembar, Indonesia",earthquake,8.7,20.7,0.216,7,reviewed,us,us
2015-07-25T18:12:28.470Z,-10.9286,114.7803,11.45,4.1,mb,,123,2.52,1.45,us,us100031yw,2015-10-22T20:04:59.040Z,"south of Bali, Indonesia",earthquake,7.4,5.3,0.157,11,reviewed,us,us
2015-07-14T02:24:22.400Z,-9.0071,114.0318,43.68,4.1,mb,,108,0.546,0.75,us,us10002xv1,2015-10-09T20:19:16.040Z,"68 km S of Gambiran Satu, Indonesia",earthquake,7.8,12.3,0.185,8,reviewed,us,us
2015-07-10T02:16:32.150Z,-9.8969,114.9152,58.48,4.2,mb,,105,1.605,0.7,us,us200031b5,2015-10-09T20:19:10.040Z,"125 km SSW of Jimbaran, Indonesia",earthquake,4.3,11.6,0.175,9,reviewed,us,us
2015-06-16T17:43:19.520Z,-9.9151,114.8651,37.41,4.2,mb,,67,1.599,1.5,us,us10002mky,2015-08-20T00:44:00.040Z,"128 km SSW of Jimbaran, Indonesia",earthquake,6.4,4.3,0.128,17,reviewed,us,us
2015-05-16T13:22:38.270Z,-10.6324,115.8979,39.5,4.3,mb,,109,2.753,1.22,us,us100029s6,2015-07-23T01:04:03.040Z,"211 km S of Lembar, Indonesia",earthquake,8.8,6.6,0.142,14,reviewed,us,us
2015-05-01T15:04:43.910Z,-9.4829,117.645,72.01,4.2,mb,,93,3.594,0.74,us,us20002anx,2015-07-09T22:00:05.040Z,"112 km SSE of Sumbawa Besar, Indonesia",earthquake,9.4,8.2,0.152,12,reviewed,us,us
2015-04-11T10:32:50.430Z,-9.0232,114.0849,81.8,4.2,mb,,71,0.553,0.84,us,us200025u0,2015-06-22T23:18:56.040Z,"69 km S of Gambiran Satu, Indonesia",earthquake,7.6,5,0.132,16,reviewed,us,us
2015-03-26T00:38:21.620Z,-9.521,117.6324,70.24,4.5,mb,,48,3.593,0.74,us,us10001qt6,2015-06-12T01:53:22.040Z,"116 km SSE of Sumbawa Besar, Indonesia",earthquake,6.2,7,0.095,33,reviewed,us,us
2015-03-22T00:19:14.930Z,-9.6851,114.2388,53.65,4.5,mb,,59,1.21,0.73,us,us10001pi1,2015-06-09T21:30:01.040Z,"138 km S of Muncar, Indonesia",earthquake,7.9,2.1,0.1,29,reviewed,us,us
2015-03-15T01:28:41.260Z,-9.8402,117.4824,67.24,4.1,mb,,92,3.558,0.76,us,us10001ng4,2015-06-04T00:46:20.040Z,"149 km S of Sumbawa Besar, Indonesia",earthquake,8.4,9,0.158,11,reviewed,us,us
2015-02-21T12:21:00.990Z,-9.1607,115.2133,103.56,4.1,mb,,119,1.253,1.06,us,usc000tt25,2022-07-28T03:05:35.927Z,"39 km S of Nusa Dua, Indonesia",earthquake,6.3,10.9,0.262,5,reviewed,us,us
2015-01-30T18:41:15.570Z,-9.8426,117.8286,88.33,4.4,mb,,82,3.877,1.12,us,usc000tkf7,2015-05-02T14:07:30.040Z,"155 km SSE of Sumbawa Besar, Indonesia",earthquake,6.5,7,0.083,44,reviewed,us,us
2015-01-16T22:57:52.420Z,-9.5877,117.7646,65.45,4.1,mb,,87,3.737,0.97,us,usc000tj6b,2015-04-20T15:34:54.040Z,"126 km SSE of Sumbawa Besar, Indonesia",earthquake,7,7.9,0.185,10,reviewed,us,us
2014-10-08T19:22:56.390Z,-10.8836,117.2192,44.26,4,mb,,110,3.859,0.84,us,usb000snhl,2015-01-06T23:49:47.040Z,"262 km SSE of Praya, Indonesia",earthquake,9.4,9.7,0.232,7,reviewed,us,us
2014-10-02T19:46:04.280Z,-9.0761,115.9067,49.76,4.1,mb,,102,1.835,0.66,us,usb000sm0i,2014-12-23T01:41:58.040Z,"42 km SSW of Lembar, Indonesia",earthquake,10,7.7,0.145,15,reviewed,us,us
2014-09-07T17:54:56.480Z,-9.3303,116.0065,96.2,4.1,mb,,148,2.021,0.78,us,usb000sdi8,2014-12-05T23:36:38.040Z,"67 km S of Lembar, Indonesia",earthquake,6,12.7,0.213,7,reviewed,us,us
2014-08-24T02:39:22.950Z,-10.3105,116.3993,46.62,4.4,mb,,131,2.874,0.81,us,usb000s9mr,2014-11-22T02:06:32.000Z,"178 km S of Praya, Indonesia",earthquake,8,7.6,0.219,11,reviewed,us,us
2014-08-23T15:58:43.290Z,-9.4123,114.5547,50.46,4.1,mb,,104,1.017,1.41,us,usc000s8jz,2014-11-22T02:06:29.000Z,"95 km SW of Jimbaran, Indonesia",earthquake,7.7,10.5,0.158,11,reviewed,us,us
2014-05-28T22:23:36.300Z,-9.0501,114.2199,82.03,4.1,mb,,80,0.58,1.07,us,usc000rf6e,2014-08-26T01:21:02.000Z,"69 km S of Muncar, Indonesia",earthquake,,3.6,0.145,15,reviewed,us,us
2014-04-16T17:38:23.950Z,-9.4363,117.9185,61.98,4.7,mb,,61,3.842,1.02,us,usb000pmvd,2014-07-04T01:33:12.000Z,"116 km SSW of Dompu, Indonesia",earthquake,,5.3,0.073,61,reviewed,us,us
2014-04-12T12:32:54.740Z,-9.507,117.9249,58.99,4.6,mb,,70,3.866,0.91,us,usc000phhs,2014-07-01T02:37:59.000Z,"122 km SSW of Dompu, Indonesia",earthquake,,7.3,0.083,45,reviewed,us,us
2014-03-20T21:49:10.190Z,-9.702,114.2729,72.87,4,mb,,89,1.229,0.61,us,usc000nusi,2014-05-24T00:54:35.000Z,"140 km SW of Jimbaran, Indonesia",earthquake,,9,0.144,14,reviewed,us,us
2014-03-20T21:37:32.400Z,-10.0292,114.4948,46.28,4.2,mb,,92,1.585,0.57,us,usc000nuss,2014-05-24T00:54:35.000Z,"155 km SSW of Jimbaran, Indonesia",earthquake,,10.6,0.198,8,reviewed,us,us
2014-03-20T21:33:00.060Z,-9.653,114.2783,51.41,5,mb,,35,1.181,1.35,us,usc000nj9d,2014-05-24T00:54:35.000Z,"135 km S of Muncar, Indonesia",earthquake,,4.5,0.065,80,reviewed,us,us
2014-03-16T00:14:34.210Z,-9.6696,114.2271,63.17,4.3,mb,,142,1.194,1.1,us,usc000npts,2014-05-16T21:51:43.000Z,"137 km S of Muncar, Indonesia",earthquake,,7.6,0.133,20,reviewed,us,us
2014-03-09T00:49:57.220Z,-9.3083,115.2523,40.93,4.2,mb,,78,1.369,1.48,us,usc000n5pm,2014-05-15T02:23:47.000Z,"56 km S of Nusa Dua, Indonesia",earthquake,,7.4,0.11,25,reviewed,us,us
2014-03-03T15:15:33.220Z,-9.5905,117.6359,58.3,4.4,mb,,103,5.007,1.06,us,usc000nady,2014-05-13T21:36:50.000Z,"123 km S of Sumbawa Besar, Indonesia",earthquake,,7.9,0.13,17,reviewed,us,us
2014-03-03T15:14:22.420Z,-9.4487,117.6954,69.16,4.4,mb,,70,3.633,0.69,us,usb000mzzj,2014-05-13T21:36:50.000Z,"109 km SSE of Sumbawa Besar, Indonesia",earthquake,,5.8,0.092,34,reviewed,us,us
2014-02-23T21:21:15.390Z,-9.8174,117.9568,33.74,5,mb,,36,3.988,0.76,us,usc000mx2c,2014-05-07T00:03:08.000Z,"152 km SSW of Dompu, Indonesia",earthquake,,3.6,0.062,83,reviewed,us,us
2013-12-19T06:05:14.020Z,-10.6386,116.3805,40.81,4.4,mb,,100,3.077,0.81,us,usc000lvnr,2014-02-27T21:37:22.000Z,"214 km S of Lembar, Indonesia",earthquake,,9.6,0.154,,reviewed,us,us
2013-12-04T19:58:34.720Z,-10.2692,115.5366,38.37,4.4,mb,,82,2.249,1.07,us,usb000lcrh,2014-02-15T01:32:09.000Z,"165 km SSE of Nusa Dua, Indonesia",earthquake,,7.4,0.203,,reviewed,us,us
2013-11-08T00:16:48.700Z,-9.037,117.8047,64.81,4.6,mb,,91,3.654,0.88,us,usb000kuek,2014-01-17T00:29:11.000Z,"73 km SE of Sumbawa Besar, Indonesia",earthquake,,7,0.173,,reviewed,us,us
2013-10-15T12:50:13.020Z,-9.764,114.9424,8.47,4.9,mb,,32,1.503,1.07,us,usb000kiy7,2022-07-26T02:36:14.557Z,"110 km SSW of Jimbaran, Indonesia",earthquake,,3.2,0.08,,reviewed,us,us
2013-10-15T12:49:20.220Z,-9.737,114.7564,9.82,4.9,mb,,28,1.393,1.22,us,usb000kdmg,2022-07-25T23:40:54.781Z,"113 km SSW of Jimbaran, Indonesia",earthquake,,2.3,0.064,,reviewed,us,us
2013-10-13T07:53:58.860Z,-9.1848,117.1783,98.57,4,mb,,57,3.073,0.87,us,usb000kc73,2013-12-24T01:43:00.000Z,"80 km SSW of Sumbawa Besar, Indonesia",earthquake,,8.9,0.232,,reviewed,us,us
2013-09-23T15:12:55.000Z,-9.8648,115.9595,39.88,5.2,mb,,30,2.259,1.14,us,usb000jxzt,2022-08-06T17:54:32.061Z,"126 km S of Lembar, Indonesia",earthquake,,4.4,0.067,,reviewed,us,us
2013-08-22T18:58:36.720Z,-10.5342,114.3361,10,5.1,mb,,40,2.058,0.81,us,usb000j9u3,2013-10-25T20:09:42.000Z,"212 km SSW of Jimbaran, Indonesia",earthquake,,1.7,0.075,,reviewed,us,us
2013-05-21T04:24:35.720Z,-9.052,115.726,100.9,4.1,mb,18,96,,1.1,us,usp000k0uv,2014-11-07T01:50:52.119Z,"52 km SW of Lembar, Indonesia",earthquake,,9.9,,5,reviewed,us,us
2013-05-01T20:02:31.620Z,-10.665,114.156,33.2,4.4,mb,41,131.9,,0.78,us,usp000k0hk,2014-11-07T01:50:42.945Z,"234 km SSW of Jimbaran, Indonesia",earthquake,,15,,15,reviewed,us,us
2013-04-07T00:29:04.260Z,-9.587,114.115,57.2,4.3,mb,41,66.8,,0.54,us,us2013nscx,2014-11-07T01:50:31.478Z,"129 km S of Muncar, Indonesia",earthquake,,4.1,,10,reviewed,us,us
2013-03-17T11:49:28.370Z,-9.786,115.906,59,4.1,mb,26,81,,1.22,us,usp000jzt1,2014-11-07T01:50:21.174Z,"118 km S of Lembar, Indonesia",earthquake,,5.8,,7,reviewed,us,us
2013-03-05T10:22:15.950Z,-9.363,116.194,79.6,4.4,mb,40,75.1,,0.89,us,usc000fgc7,2014-11-07T01:50:17.933Z,"71 km S of Lembar, Indonesia",earthquake,,5.6,,19,reviewed,us,us
2013-02-27T07:31:43.880Z,-9.723,114.233,32,4.3,mb,40,73.2,,1.17,us,usp000jzjj,2014-11-07T01:50:12.327Z,"143 km S of Muncar, Indonesia",earthquake,,15.9,,7,reviewed,us,us
2013-01-11T07:47:44.830Z,-9.275,115.063,59.1,4.3,mb,51,103.1,,1.12,us,usp000jy7q,2015-03-24T01:37:22.520Z,"54 km SSW of Jimbaran, Indonesia",earthquake,,8.9,,7,reviewed,us,us
2012-12-08T14:30:38.190Z,-9.692,114.24,35,4.2,mb,43,89.2,,1.08,us,usp000jwph,2014-11-07T01:49:34.444Z,"139 km S of Muncar, Indonesia",earthquake,,,,2,reviewed,us,us
2012-10-04T03:51:34.820Z,-10.632,114.035,10,4.8,mb,125,30.9,,0.95,us,usp000jtgw,2014-11-07T01:49:02.331Z,"238 km SSW of Jimbaran, Indonesia",earthquake,,,,29,reviewed,us,us
2012-09-21T02:52:21.610Z,-10.7,114.137,10,4,mb,11,198.6,,0.66,us,usp000jsn7,2014-11-07T01:48:53.322Z,"239 km SSW of Jimbaran, Indonesia",earthquake,,,,1,reviewed,us,us
2012-09-21T02:14:51.320Z,-10.827,114.004,18.9,4.5,mb,58,67.6,,0.81,us,usp000jsn3,2014-11-07T01:48:53.313Z,"258 km SSW of Jimbaran, Indonesia",earthquake,,13.5,,14,reviewed,us,us
2012-09-19T13:18:13.570Z,-10.362,114.389,5.9,4.4,mb,17,167.7,,0.71,us,usp000jsk6,2014-11-07T01:48:52.888Z,"193 km SSW of Jimbaran, Indonesia",earthquake,,26.1,,2,reviewed,us,us
2012-09-18T06:42:24.720Z,-10.749,114.022,10,4.8,mb,170,56.9,,0.99,us,usp000jsh9,2014-11-07T01:48:52.630Z,"249 km SSW of Jimbaran, Indonesia",earthquake,,,,30,reviewed,us,us
2012-09-17T20:28:31.690Z,-10.594,114.043,24,4.3,mb,11,205.6,,0.52,us,usp000jsgk,2014-11-07T01:48:52.462Z,"234 km SSW of Jimbaran, Indonesia",earthquake,,51.4,,2,reviewed,us,us
2012-09-14T00:20:11.990Z,-10.552,114.225,10,4.4,mb,17,156.4,,1.22,us,usp000js9w,2014-11-07T01:48:51.408Z,"220 km SSW of Jimbaran, Indonesia",earthquake,,,,5,reviewed,us,us
2012-09-09T03:30:27.390Z,-10.698,114.04,21.8,4.4,mb,37,60.9,,0.97,us,usp000js15,2014-11-07T01:48:49.504Z,"244 km SSW of Jimbaran, Indonesia",earthquake,,16.1,,9,reviewed,us,us
2012-08-26T09:19:32.330Z,-10.028,116.843,41.1,4.2,mb,22,69.8,,1.35,us,usp000jqrk,2014-11-07T01:48:37.334Z,"159 km SSE of Praya, Indonesia",earthquake,,12.9,,10,reviewed,us,us
2012-08-18T06:55:39.970Z,-9.137,114.198,90.7,4.3,mb,67,59.2,,1.04,us,usp000jqeu,2014-11-07T01:48:35.365Z,"79 km S of Muncar, Indonesia",earthquake,,5.3,,13,reviewed,us,us
2012-07-05T18:54:52.940Z,-10.885,116.984,35,4.7,mb,13,132.5,,0.66,us,usp000jnnh,2014-11-07T01:48:16.531Z,"253 km SSE of Praya, Indonesia",earthquake,,,,3,reviewed,us,us
2012-02-14T07:06:08.080Z,-9.609,117.541,57.5,4.3,mb,57,69.4,,1.31,us,usp000jexc,2014-11-07T01:47:01.138Z,"124 km S of Sumbawa Besar, Indonesia",earthquake,,7.9,,16,reviewed,us,us
2012-01-28T02:14:28.050Z,-10.176,116.285,26.2,4.1,mb,12,172.2,,0.48,us,usp000je2a,2014-11-07T01:46:51.118Z,"161 km S of Lembar, Indonesia",earthquake,,22.4,,1,reviewed,us,us
2012-01-27T17:16:25.930Z,-10.369,116.013,7,5.1,mb,114,42.4,,1.03,us,usp000je1q,2014-11-07T01:46:50.948Z,"181 km S of Lembar, Indonesia",earthquake,,12.4,,62,reviewed,us,us
2011-12-17T05:23:32.660Z,-10.928,114.821,20.5,4.2,mb,29,99,,0.8,us,usp000jc9t,2014-11-07T01:46:34.985Z,"239 km S of Jimbaran, Indonesia",earthquake,,14.5,,7,reviewed,us,us
2011-11-06T04:13:46.410Z,-9.275,114.13,57.9,4.4,mb,29,88.4,,0.8,us,usp000jads,2014-11-07T01:46:18.310Z,"95 km SSW of Muncar, Indonesia",earthquake,,6.9,,9,reviewed,us,us
2011-10-13T07:52:45.370Z,-9.43,114.527,35,4.9,mwc,180,27,,1.17,us,usp000j99r,2015-03-24T02:00:02.049Z,"99 km SW of Jimbaran, Indonesia",earthquake,,,,,reviewed,us,gcmt
2011-10-13T03:16:30.160Z,-9.35,114.587,39,6.1,mww,456,18.4,,1.07,us,usp000j99g,2022-04-08T22:07:54.730Z,"88 km SW of Jimbaran, Indonesia",earthquake,,,,,reviewed,us,us
2011-09-21T19:52:30.710Z,-9.587,117.82,46.2,5.2,mwc,120,45.7,,1.18,us,usp000j8cc,2015-03-24T02:04:12.417Z,"128 km SSE of Sumbawa Besar, Indonesia",earthquake,,4.6,,,reviewed,us,gcmt
2011-09-12T03:47:47.610Z,-9.768,117.743,63.8,4.4,mb,31,70.9,,1.21,us,usp000j7y0,2014-11-07T01:45:52.955Z,"145 km SSE of Sumbawa Besar, Indonesia",earthquake,,8.5,,4,reviewed,us,us
2011-05-24T04:51:39.790Z,-10.577,117.199,21.1,4.8,mb,54,99.5,,1.2,us,usp000j24d,2014-11-07T01:44:54.651Z,"230 km SSE of Praya, Indonesia",earthquake,,15,,17,reviewed,us,us
2011-05-12T14:33:10.830Z,-9.881,114.073,35,4.2,mb,19,119.7,,1.46,us,usp000j1fw,2014-11-07T01:44:49.974Z,"162 km S of Muncar, Indonesia",earthquake,,,,3,reviewed,us,us
2011-04-15T11:59:11.870Z,-9.714,114.011,39.3,4.8,mb,70,43.1,,0.97,us,usp000j00e,2014-11-07T01:44:33.758Z,"146 km SSW of Muncar, Indonesia",earthquake,,5.1,,19,reviewed,us,us
2011-04-15T08:38:16.130Z,-9.633,114.13,59.7,4.4,mb,34,46.7,,0.91,us,usp000j001,2014-11-07T01:44:33.714Z,"134 km S of Muncar, Indonesia",earthquake,,6.7,,9,reviewed,us,us
2011-04-04T23:11:04.000Z,-9.251,114.008,61.1,4.6,mb,53,145,,0.99,us,usp000hz9c,2014-11-07T01:44:28.458Z,"96 km S of Gambiran Satu, Indonesia",earthquake,,,,13,reviewed,us,us
2011-03-23T00:07:32.810Z,-9.39,114.019,52.6,4.8,mwr,114,56.7,,1.05,us,usp000hybd,2022-07-19T09:59:05.446Z,"111 km S of Gambiran Satu, Indonesia",earthquake,,4.7,,,reviewed,us,us
2011-03-06T11:27:09.630Z,-10.882,116.284,35,4,mb,17,185.1,,0.79,us,usp000hvee,2014-11-07T01:43:52.159Z,"239 km S of Lembar, Indonesia",earthquake,,,,5,reviewed,us,us
2011-02-20T00:47:09.250Z,-9.965,116.268,43.2,4,mb,12,172.5,,1.37,us,usp000husj,2014-11-07T01:43:41.452Z,"138 km S of Lembar, Indonesia",earthquake,,15.6,,3,reviewed,us,us
2011-02-01T00:04:21.830Z,-10.598,114.304,35,4.2,mb,15,184.5,,0.87,us,usp000htxe,2014-11-07T01:43:33.052Z,"220 km SSW of Jimbaran, Indonesia",earthquake,,,,7,reviewed,us,us
2010-12-04T23:52:19.170Z,-9.06,116.744,5.5,4.1,mb,17,92.3,,0.64,us,usp000hqhc,2014-11-07T01:43:04.350Z,"62 km S of Labuan Lombok, Indonesia",earthquake,,10.6,,5,reviewed,us,us
2010-12-04T00:54:21.420Z,-9.669,117.031,17.9,4.3,mb,15,154.8,,0.96,us,usp000hqfv,2014-11-07T01:43:03.796Z,"135 km SSE of Labuan Lombok, Indonesia",earthquake,,13.6,,5,reviewed,us,us
2010-06-24T12:08:52.480Z,-10.371,117.511,35,4.7,mb,30,55.2,,1.23,us,usp000heff,2014-11-07T01:41:43.934Z,"207 km S of Sumbawa Besar, Indonesia",earthquake,,,,7,reviewed,us,us
2010-06-22T10:46:00.910Z,-10.188,116.579,44,4.4,mb,33,99.7,,0.94,us,usp000heck,2014-11-07T01:41:43.522Z,"167 km SSE of Praya, Indonesia",earthquake,,,,8,reviewed,us,us
2010-05-04T04:09:31.730Z,-9,117.388,47.4,4.2,mb,22,79.5,,1.29,us,usp000hc9x,2014-11-07T01:41:26.502Z,"56 km S of Sumbawa Besar, Indonesia",earthquake,,11.4,,3,reviewed,us,us
2010-04-15T04:01:44.170Z,-10.852,115.492,29.9,4.1,mb,20,103.4,,0.5,us,usp000hbdr,2014-11-07T01:41:16.357Z,"228 km S of Nusa Dua, Indonesia",earthquake,,19.2,,4,reviewed,us,us
2009-12-31T02:17:14.160Z,-9.457,117.709,75.9,4.5,mb,38,89.4,,1,us,usp000h5hr,2014-11-07T01:40:20.334Z,"111 km SSE of Sumbawa Besar, Indonesia",earthquake,,15.8,,13,reviewed,us,us
2009-09-19T02:40:12.050Z,-9.214,115.685,84,4.2,mb,52,41.1,,1.06,us,usp000h1nd,2022-07-15T17:48:30.406Z,"67 km SE of Nusa Dua, Indonesia",earthquake,,6.4,,14,reviewed,us,us
2009-09-18T23:06:57.720Z,-9.138,115.593,79,5.7,mwc,375,24,,1.09,us,usp000h1n7,2023-03-15T22:25:22.483Z,"54 km SE of Nusa Dua, Indonesia",earthquake,,4.8,,,reviewed,us,us
2009-06-25T12:52:21.470Z,-9.288,116.937,72,4.3,mb,15,146.8,,1.03,us,usp000gykf,2014-11-07T01:39:11.654Z,"92 km SSE of Labuan Lombok, Indonesia",earthquake,,8.6,,2,reviewed,us,us
2009-01-20T21:09:36.010Z,-10.613,115.067,35,4.5,mb,47,78.6,,0.84,us,usp000gsx3,2014-11-07T01:38:13.965Z,"201 km S of Nusa Dua, Indonesia",earthquake,,,,9,reviewed,us,us
2009-01-20T12:34:34.050Z,-10.685,115.025,30.9,5.1,mb,70,46.2,,1.26,us,usp000gswp,2014-11-07T01:38:13.926Z,"209 km S of Nusa Dua, Indonesia",earthquake,,,,29,reviewed,us,us
2008-11-03T10:37:42.980Z,-9.116,116.909,63.5,4.6,mb,16,142,,1.25,us,usp000gmuq,2014-11-07T01:37:40.298Z,"73 km SSE of Labuan Lombok, Indonesia",earthquake,,20.5,,3,reviewed,us,us
2008-10-24T11:05:23.170Z,-10.332,116.222,35,4,mb,16,148.2,,1.26,us,usp000gkxt,2014-11-07T01:37:32.021Z,"178 km S of Lembar, Indonesia",earthquake,,,,4,reviewed,us,us
2008-08-19T15:07:40.780Z,-10.637,115.627,10,4.4,mb,12,149.8,,0.9,us,usp000gf0z,2014-11-07T01:36:56.897Z,"207 km SSE of Nusa Dua, Indonesia",earthquake,,,,4,reviewed,us,us
2008-06-10T20:02:12.890Z,-10.371,115.7,8.7,4.2,mb,20,137.6,,1.23,us,usp000g95k,2014-11-07T01:36:18.513Z,"181 km SSE of Nusa Dua, Indonesia",earthquake,,47.1,,6,reviewed,us,us
2008-06-06T18:57:21.150Z,-9.532,115.924,46.2,4.7,mb,22,154.3,,0.77,us,usp000g8r3,2014-11-07T01:36:15.539Z,"90 km S of Lembar, Indonesia",earthquake,,14.5,,9,reviewed,us,us
2008-06-05T15:31:56.740Z,-9.747,114.155,28.2,4.7,mb,47,50.9,,0.81,us,usp000g8n2,2014-11-07T01:36:15.113Z,"146 km S of Muncar, Indonesia",earthquake,,21.5,,23,reviewed,us,us
2008-05-26T11:13:21.620Z,-9.333,116.26,50.6,4.7,mb,43,53.4,,1.25,us,usp000g7u2,2014-11-07T01:36:06.535Z,"69 km S of Praya, Indonesia",earthquake,,10,,9,reviewed,us,us
2008-03-03T12:33:26.460Z,-9.407,116.903,30,4,mb,9,196.4,,1.07,us,usp000g0jy,2014-11-07T01:35:10.610Z,"103 km SSE of Labuan Lombok, Indonesia",earthquake,,,,1,reviewed,us,us
2008-01-02T17:32:55.250Z,-9.594,114.455,83.2,4.7,mb,32,65.3,,0.76,us,usp000fvvb,2014-11-07T01:34:35.772Z,"117 km SW of Jimbaran, Indonesia",earthquake,,26,,11,reviewed,us,us
2007-12-31T09:36:05.040Z,-9.138,114.399,35.6,4.9,mb,61,43,,1.54,us,usp000fvq7,2022-07-13T23:25:50.827Z,"78 km S of Muncar, Indonesia",earthquake,,14.2,,15,reviewed,us,us
2007-12-31T02:31:59.040Z,-9.046,115.778,77,4,mb,13,130.6,,0.58,us,usp000fvpq,2014-11-07T01:34:31.358Z,"48 km SW of Lembar, Indonesia",earthquake,,,,1,reviewed,us,us
2007-12-03T04:02:14.580Z,-9.15,114.112,98.6,4.4,mb,10,144.8,,0.81,us,usp000ftrx,2014-11-07T01:34:20.541Z,"82 km SSW of Muncar, Indonesia",earthquake,,,,1,reviewed,us,us
2007-11-29T02:50:36.780Z,-9.573,117.931,40,4.3,mb,15,138.2,,0.71,us,usp000ftgt,2014-11-07T01:34:15.873Z,"128 km SSW of Dompu, Indonesia",earthquake,,13.8,,4,reviewed,us,us
2007-11-06T21:13:08.360Z,-10.844,117.14,78.8,4.1,mb,28,86.1,,0.58,us,usp000fs2x,2014-11-07T01:34:07.860Z,"south of Sumbawa, Indonesia",earthquake,,12.5,,9,reviewed,us,us
2007-11-06T10:56:58.220Z,-9.345,117.414,66.4,4.7,mb,33,52.5,,1.19,us,usp000fs23,2014-11-07T01:34:07.716Z,"94 km S of Sumbawa Besar, Indonesia",earthquake,,20.5,,8,reviewed,us,us
2007-10-16T08:22:08.310Z,-9.015,114.568,35,4.2,mb,8,254.5,,1.22,us,usp000fqp0,2014-11-07T01:33:56.472Z,"69 km SSE of Muncar, Indonesia",earthquake,,,,2,reviewed,us,us
2007-10-08T09:23:20.760Z,-10.166,117.294,84.6,4.6,mb,36,59.1,,1.03,us,usp000fq3u,2014-11-07T01:33:52.052Z,"185 km S of Sumbawa Besar, Indonesia",earthquake,,13.7,,10,reviewed,us,us
2007-09-20T09:29:18.100Z,-10.378,117.006,35,5.7,mwc,186,31.6,,1.31,us,usp000fns3,2022-05-02T20:35:37.173Z,"201 km SSE of Praya, Indonesia",earthquake,,,,,reviewed,us,gcmt
2007-09-15T15:56:58.100Z,-9.321,115.433,35,4.4,mb,27,72.3,,1.36,us,usp000fnc2,2014-11-07T01:33:35.603Z,"61 km SSE of Nusa Dua, Indonesia",earthquake,,,,4,reviewed,us,us
2007-09-08T02:01:52.150Z,-10.33,117.654,87,4.5,mb,26,49.9,,1.25,us,usp000fmny,2014-11-07T01:33:31.683Z,"204 km S of Sumbawa Besar, Indonesia",earthquake,,21.2,,8,reviewed,us,us
2007-07-20T09:49:46.410Z,-9.36,117.988,81.4,5.2,mb,61,52.5,,1.07,us,usp000fgqb,2014-11-07T01:33:01.013Z,"105 km SSW of Dompu, Indonesia",earthquake,,7.3,,12,reviewed,us,us
2007-05-26T06:07:23.660Z,-9.366,117.779,57.9,5,mwc,60,54,,1.07,us,usp000fcs8,2016-11-10T01:40:29.466Z,"104 km SSE of Sumbawa Besar, Indonesia",earthquake,,,,,reviewed,us,gcmt
2007-03-20T01:15:31.860Z,-10.305,117.805,66,4.3,mb,19,122.2,,1.03,us,usp000f70y,2014-11-07T01:31:54.084Z,"204 km SSE of Sumbawa Besar, Indonesia",earthquake,,12.8,,4,reviewed,us,us
2007-01-27T23:22:09.090Z,-9.468,117.032,35,4.3,mb,12,154.6,,1.43,us,usp000f3sf,2014-11-07T01:31:28.324Z,"114 km SSE of Labuan Lombok, Indonesia",earthquake,,,,2,reviewed,us,us
2007-01-10T18:32:27.470Z,-9.725,114.126,40,4.3,mb,11,175.5,,1.07,us,usp000f24p,2014-11-07T01:31:20.691Z,"144 km S of Muncar, Indonesia",earthquake,,0,,1,reviewed,us,us
2006-11-12T07:38:10.010Z,-10.943,115.13,30,4.1,mb,11,158.2,,0.67,us,usp000ex77,2014-11-07T01:30:48.221Z,"237 km S of Nusa Dua, Indonesia",earthquake,,,,2,reviewed,us,us
2006-07-14T11:18:40.540Z,-9.585,116.235,35,4,mb,15,137,,0.83,us,usp000enkg,2014-11-07T01:29:38.765Z,"96 km S of Lembar, Indonesia",earthquake,,0,,1,reviewed,us,us
2006-07-05T18:26:44.030Z,-10.92,115.546,20,4.6,mb,21,149.3,,0.77,us,usp000emyg,2014-11-07T01:29:35.632Z,"236 km S of Nusa Dua, Indonesia",earthquake,,73.4,,11,reviewed,us,us
2006-06-25T16:36:52.380Z,-9.642,114.746,40,4,mb,12,168.9,,0.75,us,usp000em93,2014-11-07T01:29:28.034Z,"104 km SSW of Jimbaran, Indonesia",earthquake,,0,,1,reviewed,us,us
2006-05-14T21:12:08.670Z,-10.461,115.462,35.4,4.2,mb,19,103.5,,0.88,us,usp000eh4t,2014-11-07T01:29:07.076Z,"185 km S of Nusa Dua, Indonesia",earthquake,,28.3,,5,reviewed,us,us
2006-05-06T08:22:01.320Z,-10.557,115.316,32.3,4.6,mb,33,72.2,,0.86,us,usp000egda,2014-11-07T01:29:03.671Z,"194 km S of Nusa Dua, Indonesia",earthquake,,,,11,reviewed,us,us
2006-05-06T08:08:45.580Z,-10.529,115.38,32.5,4.9,mb,53,71.7,,0.99,us,usp000egd9,2014-11-07T01:29:03.658Z,"191 km S of Nusa Dua, Indonesia",earthquake,,,,16,reviewed,us,us
2006-05-02T08:33:02.600Z,-10.058,114.652,25,4.2,mb,11,139.4,,1.35,us,usp000eg1x,2014-11-07T01:29:01.288Z,"south of Bali, Indonesia",earthquake,,0,,3,reviewed,us,us
2006-02-15T01:17:03.590Z,-10.075,117.335,40,4.5,mb,15,159.8,,1.43,us,usp000ea2x,2014-11-07T01:28:18.544Z,"175 km S of Sumbawa Besar, Indonesia",earthquake,,0,,4,reviewed,us,us
2006-02-15T00:48:51.890Z,-9.966,117.569,33.8,4.7,mb,44,72.2,,1.06,us,usp000ea2w,2014-11-07T01:28:18.539Z,"163 km S of Sumbawa Besar, Indonesia",earthquake,,,,11,reviewed,us,us
2006-02-11T08:48:09.290Z,-9.516,117.208,36.7,4.5,mb,30,72.4,,1.19,us,usp000e9xg,2014-11-07T01:28:17.980Z,"115 km SSW of Sumbawa Besar, Indonesia",earthquake,,29.7,,11,reviewed,us,us
2005-12-22T07:14:51.470Z,-9.58,114.063,47.7,4.6,mb,26,64.4,,0.58,us,usp000e6ku,2014-11-07T01:27:55.685Z,"130 km SSW of Muncar, Indonesia",earthquake,,,,13,reviewed,us,us
2005-11-16T02:47:39.970Z,-9.585,117.997,10,4.7,mb,27,103.5,,0.94,us,usp000e49n,2014-11-07T01:27:39.865Z,"126 km SSW of Dompu, Indonesia",earthquake,,,,4,reviewed,us,us
2005-11-05T14:37:01.350Z,-9.742,117.984,6.9,4.9,mb,90,60.9,,1.01,us,usp000e3jm,2014-11-07T01:27:36.343Z,"143 km SSW of Dompu, Indonesia",earthquake,,16.6,,23,reviewed,us,us
2005-10-21T14:17:39.810Z,-9.379,117.476,110.3,4.2,mb,15,92.3,,1.23,us,usp000e2em,2014-11-07T01:27:27.476Z,"98 km S of Sumbawa Besar, Indonesia",earthquake,,61.5,,5,reviewed,us,us
2005-10-20T23:15:57.490Z,-9.36,117.361,25,5.3,mwc,173,40,,0.93,us,usp000e2c1,2022-05-02T18:05:03.467Z,"96 km S of Sumbawa Besar, Indonesia",earthquake,,0,,,reviewed,us,hrv
2005-10-13T07:44:42.860Z,-9.527,117.2,3,4.5,mb,34,63.5,,0.91,us,usp000e1qh,2014-11-07T01:27:23.038Z,"116 km SSW of Sumbawa Besar, Indonesia",earthquake,,31.8,,13,reviewed,us,us
2005-09-18T22:13:38.230Z,-9.398,117.684,25,4.7,mb,46,64,,1.17,us,usp000dzq1,2014-11-07T01:27:05.769Z,"104 km SSE of Sumbawa Besar, Indonesia",earthquake,,0,,16,reviewed,us,us
2005-09-12T13:34:51.950Z,-9.563,116.097,30,4.6,mb,14,137.1,,1.01,us,usp000dzah,2014-11-07T01:27:03.635Z,"92 km S of Lembar, Indonesia",earthquake,,,,4,reviewed,us,us
2005-09-11T12:48:50.480Z,-9.483,116.209,45.4,4.8,mb,55,71.3,,0.93,us,usp000dz8h,2014-11-07T01:27:03.379Z,"84 km S of Lembar, Indonesia",earthquake,,18.1,,23,reviewed,us,us
2005-07-17T04:20:40.080Z,-10.176,116.491,42.8,4.7,mb,31,72.5,,0.96,us,usp000dvc7,2014-11-07T01:26:30.423Z,"164 km S of Praya, Indonesia",earthquake,,,,14,reviewed,us,us
2005-06-20T01:52:32.560Z,-10.181,116.655,45.4,4.7,mb,22,99.2,,1,us,usp000dtg3,2014-11-07T01:26:15.545Z,"168 km SSE of Praya, Indonesia",earthquake,,,,6,reviewed,us,us
2005-05-22T14:33:01.830Z,-10.484,115.25,43.8,4,mb,10,155.5,,1.51,us,usp000drc9,2014-11-07T01:25:57.288Z,"186 km S of Nusa Dua, Indonesia",earthquake,,16.5,,1,reviewed,us,us
2005-05-18T18:07:49.830Z,-10.653,115.04,30,4.5,mb,21,152.8,,1.17,us,usp000dr3z,2014-11-07T01:25:55.731Z,"205 km S of Nusa Dua, Indonesia",earthquake,,,,6,reviewed,us,us
2005-05-09T10:15:05.490Z,-10.359,114.164,28.5,4.5,mb,10,178.1,,1.04,us,usp000dq9a,2014-11-07T01:25:50.594Z,"205 km SSW of Jimbaran, Indonesia",earthquake,,35.3,,1,reviewed,us,us
2005-04-25T08:08:05.050Z,-10.537,115.205,26.5,5,mb,62,68.8,,1.53,us,usp000dp66,2014-11-07T01:25:40.854Z,"192 km S of Nusa Dua, Indonesia",earthquake,,,,18,reviewed,us,us
2005-03-11T05:09:57.690Z,-9.104,115.675,87.4,4.4,mb,19,78.7,,0.85,us,usp000dhyz,2014-11-07T01:25:13.247Z,"59 km SE of Nusa Dua, Indonesia",earthquake,,8,,3,reviewed,us,us
2005-03-05T21:22:47.870Z,-9.895,115.236,48.6,4.5,mb,34,106.2,,1.23,us,usp000dhkz,2014-11-07T01:25:11.298Z,"121 km S of Nusa Dua, Indonesia",earthquake,,10.3,,17,reviewed,us,us
2005-03-02T01:49:10.460Z,-9.616,115.262,30,4.2,mb,16,80.1,,0.61,us,usp000dhb2,2014-11-07T01:25:09.115Z,"90 km S of Nusa Dua, Indonesia",earthquake,,,,2,reviewed,us,us
2004-12-05T21:50:52.150Z,-10.31,116.223,10,4.4,mb,13,151.3,,0.9,us,usp000da4s,2014-11-07T01:24:14.199Z,"175 km S of Lembar, Indonesia",earthquake,,,,4,reviewed,us,us
2004-11-12T14:01:20.260Z,-10.994,117.949,40,4.2,mb,4,166.5,,0.78,us,usp000d89g,2014-11-07T01:23:59.746Z,"277 km SSW of Dompu, Indonesia",earthquake,,0,,1,reviewed,us,us
2004-11-07T12:42:57.590Z,-10.55,115.863,42.9,4.5,mb,25,112.9,,0.98,us,usp000d7w2,2014-11-07T01:23:56.989Z,"203 km S of Lembar, Indonesia",earthquake,,9,,10,reviewed,us,us
2004-10-14T04:09:04.420Z,-9.501,114.3,61.9,5.1,mwc,130,34.9,,1.19,us,usp000d6bz,2016-11-10T00:48:54.035Z,"118 km S of Muncar, Indonesia",earthquake,,,,,reviewed,us,hrv
2004-08-20T04:08:48.480Z,-9.159,116.838,119.1,4,mb,11,144.3,,1.03,us,usp000d2g7,2014-11-07T01:23:14.242Z,"75 km SSE of Labuan Lombok, Indonesia",earthquake,,16.9,,3,reviewed,us,us
2004-08-19T19:00:26.570Z,-9.466,116.996,93.8,4.1,mb,15,156,,0.83,us,usp000d2fs,2014-11-07T01:23:14.213Z,"112 km SSE of Labuan Lombok, Indonesia",earthquake,,7.3,,5,reviewed,us,us
2004-08-19T06:03:52.590Z,-9.294,117.632,95.9,4.8,mb,60,57.6,,1.16,us,usp000d2ek,2014-11-07T01:23:13.998Z,"91 km SSE of Sumbawa Besar, Indonesia",earthquake,,6.6,,24,reviewed,us,us
2004-07-08T12:31:32.470Z,-9.5,114.649,75,4.3,mb,10,195.2,,1.25,us,usp000czs9,2014-11-07T01:22:52.051Z,"96 km SW of Jimbaran, Indonesia",earthquake,,,,2,reviewed,us,us
2004-05-11T14:47:18.550Z,-9.656,115.682,65.5,4.5,mb,22,124.3,,0.59,us,usp000curt,2014-11-07T01:22:17.314Z,"106 km SSE of Nusa Dua, Indonesia",earthquake,,6.1,,5,reviewed,us,us
2004-05-05T02:20:47.340Z,-9.033,114.448,80.8,5,mb,59,63.9,,0.86,us,usp000cu6v,2014-11-07T01:22:14.787Z,"67 km S of Muncar, Indonesia",earthquake,,,,15,reviewed,us,us
2004-03-10T14:33:18.650Z,-9.94,114.104,10,4.3,mb,14,202.7,,1.26,us,usp000cpk7,2014-11-07T01:21:40.599Z,"168 km S of Muncar, Indonesia",earthquake,,,,1,reviewed,us,us
2004-03-10T14:25:04.940Z,-9.751,114.252,48.8,4.5,mb,34,56.1,,1.03,us,usp000cpk5,2014-11-07T01:21:40.590Z,"145 km SW of Jimbaran, Indonesia",earthquake,,12.7,,14,reviewed,us,us
2004-03-05T06:32:04.890Z,-9.635,114.283,47.8,4.8,mwc,85,45.6,,1.09,us,usp000cp4n,2016-11-10T00:27:48.563Z,"133 km S of Muncar, Indonesia",earthquake,,7.6,,,reviewed,us,hrv
2004-02-11T17:55:22.140Z,-9.046,117.6,53.5,4,mb,8,151.8,,1.27,us,usp000ckzx,2014-11-07T01:21:20.485Z,"64 km SSE of Sumbawa Besar, Indonesia",earthquake,,33.6,,1,reviewed,us,us
2003-10-11T14:29:54.270Z,-9.465,114.165,61.4,4.5,mb,24,72.1,,0.82,us,usp000ca5e,2014-11-07T01:20:11.067Z,"115 km S of Muncar, Indonesia",earthquake,,,,9,reviewed,us,us
2003-06-01T17:49:20.340Z,-9.45,117.501,33,4.3,mb,13,147.6,,1.33,us,usp000byrn,2014-11-07T01:18:48.296Z,"106 km S of Sumbawa Besar, Indonesia",earthquake,,,,1,reviewed,us,us
2003-04-14T11:51:18.290Z,-9.031,115.441,86.6,4.6,mb,8,174.1,,1.05,us,usp000bv5s,2014-11-07T01:18:20.521Z,"34 km SE of Nusa Dua, Indonesia",earthquake,,7.7,,1,reviewed,us,us
2003-03-26T13:31:21.740Z,-9.05,116.656,64.2,4.4,mb,9,150,,0.66,us,usp000btj6,2014-11-07T01:18:08.732Z,"57 km SE of Praya, Indonesia",earthquake,,16,,2,reviewed,us,us
2003-03-20T17:15:13.470Z,-10.321,117.05,33,5,mwc,69,49.7,,1.4,us,usp000bt42,2016-11-09T22:07:07.447Z,"198 km SSE of Praya, Indonesia",earthquake,,,,,reviewed,us,hrv
2003-03-20T16:33:10.850Z,-10.211,117.185,33.6,5.6,mwc,81,48.2,,1.22,us,usp000bt40,2022-05-02T16:28:17.164Z,"191 km S of Sumbawa Besar, Indonesia",earthquake,,8.6,,,reviewed,us,hrv
2003-02-18T20:21:18.700Z,-9.782,114.064,33,4.6,mb,21,,,1.15,us,usp000bqz7,2014-11-07T01:17:49.493Z,"152 km S of Muncar, Indonesia",earthquake,,,,8,reviewed,us,us
2003-02-08T13:45:45.600Z,-9.322,114.032,58.2,4.7,md,7,,,,us,usp000bq8n,2014-11-07T01:17:46.327Z,"103 km S of Gambiran Satu, Indonesia",earthquake,,,,,reviewed,dja,dja
2002-12-12T15:06:16.950Z,-9.397,117.388,51.7,4.2,mb,21,,,0.95,us,usp000bkju,2014-11-07T01:17:20.492Z,"100 km S of Sumbawa Besar, Indonesia",earthquake,,12.2,,4,reviewed,us,us
2002-11-21T16:56:37.610Z,-9.542,117.28,59.5,5.1,mwc,73,,,1.31,us,usp000bj4f,2016-11-10T00:00:49.009Z,"117 km S of Sumbawa Besar, Indonesia",earthquake,,,,,reviewed,us,hrv
2002-10-05T04:21:33.100Z,-11,117.875,33,4.5,mb,7,,,1.05,us,usp000bdua,2014-11-07T01:16:42.214Z,"280 km SSW of Dompu, Indonesia",earthquake,,,,3,reviewed,us,us
2002-09-28T03:23:26.500Z,-9.197,117.27,131.1,4.1,mb,12,,,1.15,us,usp000bd9u,2014-11-07T01:16:35.322Z,"Sumbawa region, Indonesia",earthquake,,11.7,,2,reviewed,us,us
2002-08-16T02:39:09.380Z,-9.787,117.455,51.1,4.5,mb,32,,,1.2,us,usp000b9zp,2014-11-07T01:16:16.289Z,"143 km S of Sumbawa Besar, Indonesia",earthquake,,9.7,,13,reviewed,us,us
2002-07-23T03:13:10.010Z,-10.157,117.627,33,4.1,mb,6,,,0.97,us,usp000b8m5,2014-11-07T01:16:06.178Z,"185 km S of Sumbawa Besar, Indonesia",earthquake,,,,2,reviewed,us,us
2002-07-22T20:22:51.450Z,-10.433,117.4,33,4.6,mb,32,,,1.16,us,usp000b8ke,2014-11-07T01:16:06.111Z,"214 km S of Sumbawa Besar, Indonesia",earthquake,,,,15,reviewed,us,us
2002-07-13T15:28:09.800Z,-9.929,114.919,33,4.2,ml,4,,,,us,usp000b81j,2014-11-07T01:16:03.655Z,"128 km SSW of Jimbaran, Indonesia",earthquake,,,,,reviewed,dja,dja
2002-06-10T16:34:27.330Z,-9.329,115.496,75.5,4.4,mb,33,,,1.03,us,usp000b5wv,2014-11-07T01:15:48.492Z,"65 km SSE of Nusa Dua, Indonesia",earthquake,,,,11,reviewed,us,us
2002-05-28T21:53:04.650Z,-9.102,114.521,33,4.1,mb,15,,,1.15,us,usp000b552,2014-11-07T01:15:41.006Z,"76 km SSE of Muncar, Indonesia",earthquake,,,,2,reviewed,us,us
2002-03-27T17:16:34.340Z,-10.609,116.696,33,4.1,mb,8,,,0.6,us,usp000b16m,2014-11-07T01:15:14.747Z,"215 km SSE of Praya, Indonesia",earthquake,,,,1,reviewed,us,us
2002-02-10T06:06:16.350Z,-10.279,116.177,59.1,4.3,mb,15,,,1.01,us,usp000ay4n,2014-11-07T01:14:53.807Z,"172 km S of Lembar, Indonesia",earthquake,,11.3,,4,reviewed,us,us
2001-12-24T16:11:14.240Z,-9.303,116.35,33,4.2,mb,8,,,1.55,us,usp000av71,2014-11-07T01:14:31.425Z,"66 km S of Praya, Indonesia",earthquake,,,,1,reviewed,us,us
2001-12-16T04:06:20.980Z,-10.187,117.14,41.3,4.5,mb,18,,,1.52,us,usp000aupq,2014-11-07T01:14:29.208Z,"189 km SSE of Praya, Indonesia",earthquake,,14.4,,5,reviewed,us,us
2001-10-30T19:44:27.360Z,-10.419,114.206,33,4.9,mb,8,,,1.41,us,usp000ary2,2014-11-07T01:14:05.216Z,"208 km SSW of Jimbaran, Indonesia",earthquake,,,,1,reviewed,us,us
2001-09-14T11:15:35.270Z,-10.182,115.904,33,4.9,mb,41,,,0.88,us,usp000ap5n,2014-11-07T01:13:48.027Z,"162 km S of Lembar, Indonesia",earthquake,,,,12,reviewed,us,us
2001-07-16T06:23:04.140Z,-9.957,114.049,33,4.5,mb,19,,,1.27,us,usp000ajmc,2014-11-07T01:13:17.307Z,"171 km S of Muncar, Indonesia",earthquake,,,,2,reviewed,us,us
2001-07-16T05:48:31.430Z,-9.726,114.242,64.8,4.6,mb,21,,,0.98,us,usp000ajma,2014-11-07T01:13:17.303Z,"143 km S of Muncar, Indonesia",earthquake,,14.9,,1,reviewed,us,us
2001-07-12T21:23:41.390Z,-9.752,114.32,69,4.6,mb,21,,,0.98,us,usp000ajee,2014-11-07T01:13:16.629Z,"140 km SW of Jimbaran, Indonesia",earthquake,,13.4,,6,reviewed,us,us
2000-12-06T13:55:28.040Z,-9.524,116.767,33,4.1,mb,8,,,1.22,us,usp000a5kw,2014-11-07T01:11:41.104Z,"105 km SSE of Praya, Indonesia",earthquake,,,,2,reviewed,us,us
2000-08-25T01:14:09.450Z,-9.5,117.64,75.7,4.7,mb,32,,,1.3,us,usp0009z4d,2014-11-07T01:10:54.802Z,"113 km SSE of Sumbawa Besar, Indonesia",earthquake,,10.6,,4,reviewed,us,us
2000-08-19T04:58:55.770Z,-9.49,117.544,80.6,4.7,mb,35,,,0.86,us,usp0009yrx,2014-11-07T01:10:53.325Z,"111 km S of Sumbawa Besar, Indonesia",earthquake,,12.7,,6,reviewed,us,us
2000-06-12T22:25:59.910Z,-9.589,115.983,61.2,4.6,mb,34,,,1.27,us,usp0009ug7,2014-11-07T01:10:22.078Z,"95 km S of Lembar, Indonesia",earthquake,,9.4,,10,reviewed,us,us
2000-05-24T12:03:53.650Z,-9.349,114.123,77.8,4.7,mb,,,,0.9,us,usp0009te2,2014-11-07T01:10:11.439Z,"103 km SSW of Muncar, Indonesia",earthquake,,,,14,reviewed,us,us
2000-01-04T21:07:28.750Z,-9.769,116.07,33,4.1,mb,,,,1.11,us,usp0009krq,2014-11-07T01:09:17.228Z,"115 km S of Lembar, Indonesia",earthquake,,,,1,reviewed,us,us
1999-11-04T20:56:43.190Z,-10.471,116.463,51.4,4.2,mb,,,,1.3,us,usp0009h3g,2014-11-07T01:08:54.606Z,"196 km S of Praya, Indonesia",earthquake,,13.3,,3,reviewed,us,us
1999-11-01T02:34:41.730Z,-9.995,114.212,33,4.3,mb,,,,1.41,us,usp0009gx7,2014-11-07T01:08:49.521Z,"169 km SW of Jimbaran, Indonesia",earthquake,,,,3,reviewed,us,us
1999-11-01T01:32:27.070Z,-9.909,114.031,33,4.5,mb,,,,1.29,us,usp0009gwx,2014-11-07T01:08:49.362Z,"166 km SSW of Muncar, Indonesia",earthquake,,,,3,reviewed,us,us
1999-10-20T16:43:45.400Z,-9.092,117.746,111.8,4.7,mb,,,,1.39,us,usp0009gaf,2014-11-07T01:08:45.103Z,"75 km SSE of Sumbawa Besar, Indonesia",earthquake,,9.5,,6,reviewed,us,us
1999-08-31T15:21:59.310Z,-9.923,116.229,77.8,5.1,mwc,,,,1.28,us,usp0009dvv,2016-11-09T23:22:36.706Z,"133 km S of Lembar, Indonesia",earthquake,,8.6,,,reviewed,us,hrv
1999-06-13T22:16:30.180Z,-9.925,114.046,33,4.5,mb,,,,1.28,us,usp00099u2,2014-11-07T01:07:53.715Z,"167 km S of Muncar, Indonesia",earthquake,,,,5,reviewed,us,us
1999-05-20T12:16:56.050Z,-9.812,117.81,37.1,4.9,mb,,,,1.06,us,usp00098cm,2014-11-07T01:07:41.870Z,"Sumbawa region, Indonesia",earthquake,,9.3,,22,reviewed,us,us
1999-05-14T18:00:52.330Z,-9.408,116.436,33,4.2,mb,,,,1.14,us,usp00097ys,2014-11-07T01:07:40.488Z,"79 km SSE of Praya, Indonesia",earthquake,,,,4,reviewed,us,us
1999-02-10T14:34:25.180Z,-9.558,117.297,33,4,mb,,,,0.68,us,usp00092kg,2014-11-07T01:07:00.900Z,"118 km S of Sumbawa Besar, Indonesia",earthquake,,,,3,reviewed,us,us
1999-02-06T07:57:44.190Z,-10.439,116.673,33,4,mb,,,,0.78,us,usp00092c2,2014-11-07T01:06:59.092Z,"196 km SSE of Praya, Indonesia",earthquake,,,,2,reviewed,us,us
1999-01-16T13:05:45.480Z,-10.64,115.791,33,4.3,mb,,,,1.38,us,usp000916j,2014-11-07T01:06:49.385Z,"212 km SSE of Nusa Dua, Indonesia",earthquake,,,,8,reviewed,us,us
1999-01-01T03:02:30.570Z,-10.758,117.822,33,4.2,mb,,,,1.24,us,usp00090eq,2014-11-07T01:06:44.372Z,"254 km S of Sumbawa Besar, Indonesia",earthquake,,,,4,reviewed,us,us
1998-10-12T22:49:17.040Z,-9.034,116.954,33,4.2,mb,,,,0.92,us,usp0008wej,2014-11-07T01:06:14.220Z,"66 km SSE of Labuan Lombok, Indonesia",earthquake,,,,6,reviewed,us,us
1998-08-25T08:32:33.200Z,-9.202,117.029,55.3,4.4,mb,,,,1.18,us,usp0008tug,2014-11-07T01:05:53.110Z,"87 km SSE of Labuan Lombok, Indonesia",earthquake,,8.5,,7,reviewed,us,us
1998-08-10T04:33:52.990Z,-10.941,116.745,33,4.4,mb,,,,1.07,us,usp0008t1u,2014-11-07T01:05:48.171Z,"252 km SSE of Praya, Indonesia",earthquake,,,,4,reviewed,us,us
1998-07-27T18:59:53.790Z,-10.009,114.117,33,4.5,mb,,,,0.98,us,usp0008s8x,2014-11-07T01:05:39.065Z,"175 km S of Muncar, Indonesia",earthquake,,,,2,reviewed,us,us
1998-06-23T07:39:29.280Z,-9.145,117.114,112,4.8,mb,,,,1.02,us,usp0008qbc,2014-11-07T01:05:26.442Z,"79 km SSW of Sumbawa Besar, Indonesia",earthquake,,9.8,,7,reviewed,us,us
1998-04-27T22:16:59.590Z,-9.792,116.645,33,4.1,mb,,,,0.79,us,usp0008m27,2014-11-07T01:05:04.947Z,"127 km SSE of Praya, Indonesia",earthquake,,,,5,reviewed,us,us
1998-04-06T07:20:30.500Z,-10.623,117.447,33,4.4,mb,,,,1.41,us,usp0008jmy,2014-11-07T01:04:57.384Z,"235 km S of Sumbawa Besar, Indonesia",earthquake,,,,1,reviewed,us,us
1998-03-07T13:14:22.400Z,-9.806,117.071,76.5,4.8,mb,,,,1.12,us,usp0008h41,2014-11-07T01:04:43.079Z,"150 km SSW of Sumbawa Besar, Indonesia",earthquake,,6.2,,16,reviewed,us,us
1997-11-09T17:24:55.690Z,-9.11,115.592,33,4,mb,,,,1.62,us,usp0008ac6,2014-11-07T01:03:52.958Z,"52 km SE of Nusa Dua, Indonesia",earthquake,,,,1,reviewed,us,us
1997-11-09T00:00:38.030Z,-10.199,116.473,33,4.2,mb,,,,1.12,us,usp0008aax,2014-11-07T01:03:52.842Z,"166 km S of Praya, Indonesia",earthquake,,,,7,reviewed,us,us
1997-07-07T05:01:10.650Z,-9.743,117.728,114.8,4.5,mb,,,,1.18,us,usp00084gf,2014-11-07T01:03:06.308Z,"142 km SSE of Sumbawa Besar, Indonesia",earthquake,,11.8,,10,reviewed,us,us
1997-07-05T10:52:08.660Z,-9.406,117.92,100,4.5,mb,,,,1.27,us,usp00084db,2014-11-07T01:03:05.547Z,"113 km SSW of Dompu, Indonesia",earthquake,,,,8,reviewed,us,us
1997-02-14T21:14:44.450Z,-10.165,116.514,33,4.2,mb,,,,1.4,us,usp0007x88,2014-11-07T01:02:08.988Z,"163 km S of Praya, Indonesia",earthquake,,,,2,reviewed,us,us
1997-01-06T02:51:13.510Z,-9.505,114.265,100,4.2,mb,,,,1.45,us,usp0007vhk,2014-11-07T01:01:56.519Z,"118 km S of Muncar, Indonesia",earthquake,,,,4,reviewed,us,us
1996-12-05T10:06:03.130Z,-10.621,115.606,56.4,4,mb,,,,1.5,us,usp0007tzp,2014-11-07T01:01:44.491Z,"205 km SSE of Nusa Dua, Indonesia",earthquake,,15.5,,4,reviewed,us,us
1996-10-18T09:49:49.660Z,-9.741,117.57,33,4.3,mb,,,,1.24,us,usp0007rks,2014-11-07T01:01:23.591Z,"138 km S of Sumbawa Besar, Indonesia",earthquake,,,,7,reviewed,us,us
1996-08-09T10:17:26.630Z,-10.516,117.354,33,4.3,mb,,,,1.4,us,usp0007na8,2014-11-07T01:00:57.287Z,"224 km S of Sumbawa Besar, Indonesia",earthquake,,,,15,reviewed,us,us
1996-08-09T04:54:29.670Z,-9.516,116.093,33,4.4,mb,,,,1.2,us,usp0007n9v,2014-11-07T01:00:57.229Z,"87 km S of Lembar, Indonesia",earthquake,,,,10,reviewed,us,us
1996-05-27T03:07:17.960Z,-10.145,115.546,33,4.3,mb,,,,1.1,us,usp0007hud,2014-11-07T01:00:29.274Z,"152 km SSE of Nusa Dua, Indonesia",earthquake,,,,10,reviewed,us,us
1996-05-17T08:27:34.860Z,-9.287,117.684,33,4.2,mb,,,,1.4,us,usp0007hgj,2014-11-07T01:00:27.740Z,"92 km SSE of Sumbawa Besar, Indonesia",earthquake,,,,16,reviewed,us,us
1996-05-09T15:47:38.150Z,-11,114.025,33,4.3,mb,,,,1.2,us,usp0007h5k,2014-11-07T01:00:26.275Z,"274 km SSW of Jimbaran, Indonesia",earthquake,,,,10,reviewed,us,us
1996-04-26T12:55:06.240Z,-9.321,114.085,33,4.5,mb,,,,1.1,us,usp0007gmn,2014-11-07T01:00:19.248Z,"101 km SSW of Muncar, Indonesia",earthquake,,,,17,reviewed,us,us
1996-04-16T21:11:13.830Z,-9.145,117.188,33,4.1,mb,,,,1.2,us,usp0007g8z,2014-11-07T01:00:17.646Z,"76 km SSW of Sumbawa Besar, Indonesia",earthquake,,,,8,reviewed,us,us
1996-04-14T04:38:11.630Z,-9.437,117.915,109.8,4.1,mb,,,,0.9,us,usp0007g5s,2014-11-07T01:00:16.961Z,"116 km SSW of Dompu, Indonesia",earthquake,,16,,9,reviewed,us,us
1996-03-28T14:13:44.020Z,-9.702,114.105,64.8,4.7,mb,,,,1.1,us,usp0007fdt,2014-11-07T01:00:09.161Z,"142 km S of Muncar, Indonesia",earthquake,,6,,14,reviewed,us,us
1996-01-17T14:05:37.960Z,-9.656,114.062,33,4.1,mb,,,,1.1,us,usp0007b8r,2014-11-07T00:59:41.344Z,"138 km SSW of Muncar, Indonesia",earthquake,,,,6,reviewed,us,us
1995-12-29T07:14:57.960Z,-9.035,115.652,33,4.3,mb,,,,1.4,us,usp00079tv,2014-11-07T00:59:30.240Z,"52 km ESE of Nusa Dua, Indonesia",earthquake,,,,10,reviewed,us,us
1995-12-27T21:27:25.170Z,-10.043,115.056,33,4.2,mb,,,,1.1,us,usp00079qx,2014-11-07T00:59:29.856Z,"138 km S of Nusa Dua, Indonesia",earthquake,,,,8,reviewed,us,us
1995-12-27T01:01:54.210Z,-9.896,115.054,33,4.2,mb,,,,0.8,us,usp00079pb,2014-11-07T00:59:29.687Z,"122 km S of Nusa Dua, Indonesia",earthquake,,,,8,reviewed,us,us
1995-11-27T12:10:26.100Z,-10.531,115.773,33,4,mb,,,,1.1,us,usp00077mr,2014-11-07T00:59:14.261Z,"200 km SSE of Nusa Dua, Indonesia",earthquake,,,,5,reviewed,us,us
1995-09-15T02:47:44.130Z,-9.659,115.188,33,4,mb,,,,1.3,us,usp00073d5,2014-11-07T00:58:44.118Z,"95 km S of Nusa Dua, Indonesia",earthquake,,,,11,reviewed,us,us
1995-07-10T11:15:32.250Z,-9.82,114.073,44.6,4.4,mb,,,,1,us,usp00070e9,2014-11-07T00:58:20.003Z,"156 km S of Muncar, Indonesia",earthquake,,17.1,,8,reviewed,us,us
1995-06-27T20:05:25.480Z,-9.526,116.757,33,4.1,mb,,,,1.3,us,usp0006zt6,2014-11-07T00:58:12.193Z,"105 km SSE of Praya, Indonesia",earthquake,,,,4,reviewed,us,us
1995-06-17T05:17:18.090Z,-9.428,117.738,88.8,4.6,mb,,,,1.1,us,usp0006z8d,2014-11-07T00:58:09.523Z,"109 km SSE of Sumbawa Besar, Indonesia",earthquake,,9.1,,14,reviewed,us,us
1995-05-30T09:41:31.670Z,-9.067,117.945,84.2,4.2,mb,,,,0.8,us,usp0006yar,2014-11-07T00:58:01.168Z,"81 km SW of Dompu, Indonesia",earthquake,,21.7,,5,reviewed,us,us
1995-01-19T09:19:57.180Z,-10.764,117.12,33,4.9,mb,,,,1.3,us,usp0006rke,2014-11-07T00:57:09.600Z,"246 km SSE of Praya, Indonesia",earthquake,,,,8,reviewed,us,us
1995-01-07T18:37:28.920Z,-9.231,117.111,33,4.2,mb,,,,0.9,us,usp0006r0d,2014-11-07T00:57:06.714Z,"88 km SSW of Sumbawa Besar, Indonesia",earthquake,,,,5,reviewed,us,us
